<?xml version="1.0" encoding="UTF-8" ?>
<!DOCTYPE configuration
        PUBLIC "-//mybatis.org//DTD Config 3.0//EN"
        "http://mybatis.org/dtd/mybatis-3-config.dtd">

<configuration>
    <settings>
        <!--打印日志可以看执行的sql语句-->
        <setting name="logImpl" value="STDOUT_LOGGING"/>
    </settings>
    <mappers>
        <mapper resource="com/car/dao/userMapper.xml"/>
        <mapper resource="com/car/dao/carMapper.xml"/>
        <mapper resource="com/car/dao/orderMapper.xml"/>
        <mapper resource="com/car/dao/subscribeMapper.xml"/>
    </mappers>

</configuration>