<?xml version="1.0" encoding="UTF-8"?>
<beans xmlns="http://www.springframework.org/schema/beans"
       xmlns:xsi="http://www.w3.org/2001/XMLSchema-instance"
       xmlns:context="http://www.springframework.org/schema/context"
       xsi:schemaLocation="http://www.springframework.org/schema/beans
       http://www.springframework.org/schema/beans/spring-beans.xsd
       http://www.springframework.org/schema/context
       https://www.springframework.org/schema/context/spring-context.xsd">
    <!-- 1、扫描service相关的bean -->
    <context:component-scan base-package="com.car.service" />

    <!--2、BookServiceImpl注入到IOC容器中（业务类注入到Spring中，这里用配置，也可以用注解）-->
    <bean id="UserServiceImpl" class="com.car.service.UserServiceImpl">
        <property name="userMapper" ref="userMapper"/>
    </bean>
    <bean id="CarServiceImpl" class="com.car.service.CarServiceImpl">
        <property name="carMapper" ref="carMapper"/>
    </bean>
    <bean id="OrderServiceImpl" class="com.car.service.orderServiceImpl">
        <property name="orderMapper" ref="orderMapper"/>
    </bean>
    <bean id="SubscribeServiceImpl" class="com.car.service.subscribeServiceImpl">
        <property name="subscribeMapper" ref="subscribeMapper"/>
    </bean>

    <!-- 3、配置事务管理器 -->
    <bean id="transactionManager" class="org.springframework.jdbc.datasource.DataSourceTransactionManager">
        <!-- 注入数据库连接池 -->
        <property name="dataSource" ref="dataSource" />
    </bean>
</beans>