<?xml version="1.0" encoding="UTF-8"?>
<beans xmlns="http://www.springframework.org/schema/beans"
       xmlns:xsi="http://www.w3.org/2001/XMLSchema-instance"
       xmlns:context="http://www.springframework.org/schema/context"
       xmlns:mvc="http://www.springframework.org/schema/mvc"
       xsi:schemaLocation="http://www.springframework.org/schema/beans
   http://www.springframework.org/schema/beans/spring-beans.xsd
   http://www.springframework.org/schema/context
   http://www.springframework.org/schema/context/spring-context.xsd
   http://www.springframework.org/schema/mvc
   https://www.springframework.org/schema/mvc/spring-mvc.xsd">

    <!-- 配置SpringMVC -->

    <!-- 1.开启SpringMVC注解驱动-->
    <mvc:annotation-driven />

    <!-- 2.静态资源过滤-->
    <mvc:default-servlet-handler/>

    <!-- 3.扫描包：controller-->
    <context:component-scan base-package="com.car.controll" />

    <!-- 4.视图解析器 -->
    <bean class="org.springframework.web.servlet.view.InternalResourceViewResolver">
        <property name="viewClass" value="org.springframework.web.servlet.view.JstlView" />
        <property name="prefix" value="/WEB-INF/jsp/" />
        <property name="suffix" value=".jsp" />
    </bean>

    <!--强制登陆拦截器-->
    <mvc:interceptors>
        <mvc:interceptor>
            <mvc:mapping path="/**"/>
            <!--不拦截如下路径：-->
            <!-- 不拦截登陆-->
            <mvc:exclude-mapping path="/user/t1"/>
            <mvc:exclude-mapping path="/user/t2"/>
            <!--不拦截注册-->
            <mvc:exclude-mapping path="/user/t3"/>
            <mvc:exclude-mapping path="/user/t4"/>
            <!--不拦截更改密码-->
            <mvc:exclude-mapping path="/user/t5"/>
            <mvc:exclude-mapping path="/user/t7"/>
            <!--不拦截忘记密码-->
            <mvc:exclude-mapping path="/user/t6"/>
            <mvc:exclude-mapping path="/user/t8"/>

            <bean class="com.car.filters.ifloginfilter"/>
        </mvc:interceptor>
    </mvc:interceptors>


</beans>