<?xml version="1.0" encoding="UTF-8" ?>
<!DOCTYPE mapper
        PUBLIC "-//mybatis.org//DTD Mapper 3.0//EN"
        "http://mybatis.org/dtd/mybatis-3-mapper.dtd">
<mapper namespace="com.car.dao.carMapper">
    <select id="queryallCar" resultType="com.car.pojo.Car">
        select *
        from carsystem.car
    </select>
    <select id="queryCarByid" resultType="com.car.pojo.Car">
        select *
        from carsystem.car
        where carid = #{carid}
    </select>
    <update id="updateCarstatus">
        update carsystem.car
        set carstatus='已租'
        where carid = #{carid}
    </update>
    <update id="updateCarstatus1">
        update carsystem.car
        set carstatus='未租'
        where carid = #{carid}
    </update>
    <update id="updateCarsubscribe">
        update carsystem.car
        set carsubscribe='已预约'
        where carid=#{carid}
    </update>
    <update id="updateCarsubscribe1">
        update carsystem.car
        set carsubscribe='未预约'
        where carid=#{carid}
    </update>
    <select id="queryCarBybrand" resultType="com.car.pojo.Car" >
        select * from carsystem.car
        where carbrand like concat('%' #{carbrand} '%')
    </select>
    <delete id="deleteCarByid">
        delete from carsystem.car where carid=#{carid}
    </delete>
</mapper>