<?xml version="1.0" encoding="UTF-8" ?>
<!DOCTYPE mapper
        PUBLIC "-//mybatis.org//DTD Mapper 3.0//EN"
        "http://mybatis.org/dtd/mybatis-3-mapper.dtd">
<mapper namespace="com.car.dao.orderMapper">
    <insert id="addOrder"   >
        insert into carsystem.orderinfo(orderusername,ordercarid,orderdate,orderday,orderexpire)
        values (#{orderusername},#{ordercarid},#{orderdate},#{orderday},#{orderexpire})
    </insert>
    <select id="queryingOrderByUserName" resultType="com.car.pojo.Order">
        select * from carsystem.orderinfo
        where orderusername=#{orderusername} and ordercomplete='未完成'
    </select>
    <select id="queryOrderByUserName" resultType="com.car.pojo.Order">
        select * from carsystem.orderinfo
        where orderusername=#{orderusername}
    </select>
    <delete id="deleteOrder">
        delete from carsystem.orderinfo where orderid=#{orderid}
    </delete>
    <select id="queryAllOrder" resultType="com.car.pojo.Order">
        select * from carsystem.orderinfo
    </select>
    <update id="completeOrder">
        update carsystem.orderinfo
        set ordercomplete='已完成'
        where orderid=#{orderid}
    </update>
    <select id="queryOrderByid" resultType="com.car.pojo.Order">
        select * from carsystem.orderinfo
        where orderid=#{orderid}
    </select>
</mapper>