<?xml version="1.0" encoding="UTF-8" ?>
<!DOCTYPE mapper
        PUBLIC "-//mybatis.org//DTD Mapper 3.0//EN"
        "http://mybatis.org/dtd/mybatis-3-mapper.dtd">
<mapper namespace="com.car.dao.userMapper">
    <select id="selectAllUser" resultType="com.car.pojo.User">
        select * from carsystem.user
    </select>

    <select id="loginUser"  resultType="com.car.pojo.User">
        select * from carsystem.user
        where username=#{username} and userpassword=#{userpassword}
    </select>
    <insert id="resignUser" >
        insert into carsystem.user(username, userpassword, userphone, useremail)
        values(#{username},#{userpassword},#{userphone},#{useremail})
    </insert>
    <update id="changeUser">
        update carsystem.user
        set userpassword=#{newuserpassword}
        where username=#{username} and userpassword=#{userpassword} and userphone=#{userphone} and useremail=#{useremail}
    </update>
    <select id="forgetUser" resultType="com.car.pojo.User">
        select * from carsystem.user
        where  userphone=#{userphone} and useremail=#{useremail}
    </select>
    <update id="changeUserinfo" >
        update carsystem.user
        set usernickname=#{usernickname},userphone=#{userphone},useremail=#{useremail},usersex=#{usersex}
        where username=#{username}
    </update>
    <select id="queryUserByname" resultType="com.car.pojo.User">
        select * from carsystem.user
        where username=#{username}
    </select>
    <update id="giveDeposit">
        update carsystem.user set usermoney=usermoney-#{deposit}
        where username=#{username}
    </update>
    <delete id="deleteUserByid">
        delete from carsystem.user where user.id=#{id}
    </delete>
    <update id="rechargemoney">
        update carsystem.user set usermoney=user.usermoney+#{recharge}
        where id=#{id}
    </update>
</mapper>